Complex ID,SMILES,Orig Rank,Model Conf,CNN Pose Score,Affinity (pK),Vina Score,File Path
complex_0,CN1C=C2C=C(C(=CC2=N1)Cl)NC3=NC(=O)N(C(=O)N3CC4=CC(=C(C=C4F)F)F)CC5=NN(C=N5)C,11,-1.4,0.53792,6.78275,13.31971,results/complex_0/rank11_confidence-1.40.sdf
complex_0,CN1C=C2C=C(C(=CC2=N1)Cl)NC3=NC(=O)N(C(=O)N3CC4=CC(=C(C=C4F)F)F)CC5=NN(C=N5)C,1,-0.07,0.51606,7.0077,-6.77595,results/complex_0/rank1_confidence-0.07.sdf
complex_0,CN1C=C2C=C(C(=CC2=N1)Cl)NC3=NC(=O)N(C(=O)N3CC4=CC(=C(C=C4F)F)F)CC5=NN(C=N5)C,3,-0.44,0.48631,6.77715,-5.62703,results/complex_0/rank3_confidence-0.44.sdf
complex_0,CN1C=C2C=C(C(=CC2=N1)Cl)NC3=NC(=O)N(C(=O)N3CC4=CC(=C(C=C4F)F)F)CC5=NN(C=N5)C,15,-1.64,0.46098,6.64105,7.27439,results/complex_0/rank15_confidence-1.64.sdf
complex_0,CN1C=C2C=C(C(=CC2=N1)Cl)NC3=NC(=O)N(C(=O)N3CC4=CC(=C(C=C4F)F)F)CC5=NN(C=N5)C,4,-0.58,0.43872,6.50587,9.07832,results/complex_0/rank4_confidence-0.58.sdf
complex_0,CN1C=C2C=C(C(=CC2=N1)Cl)NC3=NC(=O)N(C(=O)N3CC4=CC(=C(C=C4F)F)F)CC5=NN(C=N5)C,2,-0.42,0.43296,6.611,-2.4627,results/complex_0/rank2_confidence-0.42.sdf
complex_0,CN1C=C2C=C(C(=CC2=N1)Cl)NC3=NC(=O)N(C(=O)N3CC4=CC(=C(C=C4F)F)F)CC5=NN(C=N5)C,5,-0.88,0.42061,6.67301,1.89516,results/complex_0/rank5_confidence-0.88.sdf
complex_0,CN1C=C2C=C(C(=CC2=N1)Cl)NC3=NC(=O)N(C(=O)N3CC4=CC(=C(C=C4F)F)F)CC5=NN(C=N5)C,14,-1.57,0.41732,6.60288,6.98291,results/complex_0/rank14_confidence-1.57.sdf
complex_0,CN1C=C2C=C(C(=CC2=N1)Cl)NC3=NC(=O)N(C(=O)N3CC4=CC(=C(C=C4F)F)F)CC5=NN(C=N5)C,12,-1.45,0.41664,6.56494,6.40142,results/complex_0/rank12_confidence-1.45.sdf
complex_0,CN1C=C2C=C(C(=CC2=N1)Cl)NC3=NC(=O)N(C(=O)N3CC4=CC(=C(C=C4F)F)F)CC5=NN(C=N5)C,17,-1.97,0.39823,6.82561,7.36696,results/complex_0/rank17_confidence-1.97.sdf
complex_0,CN1C=C2C=C(C(=CC2=N1)Cl)NC3=NC(=O)N(C(=O)N3CC4=CC(=C(C=C4F)F)F)CC5=NN(C=N5)C,7,-1.08,0.39496,6.48218,7.83925,results/complex_0/rank7_confidence-1.08.sdf
complex_0,CN1C=C2C=C(C(=CC2=N1)Cl)NC3=NC(=O)N(C(=O)N3CC4=CC(=C(C=C4F)F)F)CC5=NN(C=N5)C,8,-1.17,0.39478,6.47732,6.04167,results/complex_0/rank8_confidence-1.17.sdf
complex_0,CN1C=C2C=C(C(=CC2=N1)Cl)NC3=NC(=O)N(C(=O)N3CC4=CC(=C(C=C4F)F)F)CC5=NN(C=N5)C,6,-1.05,0.38568,6.7783,-0.98292,results/complex_0/rank6_confidence-1.05.sdf
complex_0,CN1C=C2C=C(C(=CC2=N1)Cl)NC3=NC(=O)N(C(=O)N3CC4=CC(=C(C=C4F)F)F)CC5=NN(C=N5)C,10,-1.4,0.35449,6.53327,20.27654,results/complex_0/rank10_confidence-1.40.sdf
complex_0,CN1C=C2C=C(C(=CC2=N1)Cl)NC3=NC(=O)N(C(=O)N3CC4=CC(=C(C=C4F)F)F)CC5=NN(C=N5)C,13,-1.52,0.35412,6.57255,-1.61005,results/complex_0/rank13_confidence-1.52.sdf
complex_0,CN1C=C2C=C(C(=CC2=N1)Cl)NC3=NC(=O)N(C(=O)N3CC4=CC(=C(C=C4F)F)F)CC5=NN(C=N5)C,9,-1.29,0.35392,6.27708,13.88573,results/complex_0/rank9_confidence-1.29.sdf
complex_0,CN1C=C2C=C(C(=CC2=N1)Cl)NC3=NC(=O)N(C(=O)N3CC4=CC(=C(C=C4F)F)F)CC5=NN(C=N5)C,16,-1.89,0.3467,6.34924,27.95652,results/complex_0/rank16_confidence-1.89.sdf
complex_1,O=C1NC(=O)C(F)=CN1,2,0.3,0.81322,3.84436,-3.49665,results/complex_1/rank2_confidence0.30.sdf
complex_1,O=C1NC(=O)C(F)=CN1,19,0.16,0.74798,3.70945,-2.18187,results/complex_1/rank19_confidence0.16.sdf
complex_1,O=C1NC(=O)C(F)=CN1,25,0.01,0.73308,3.71973,-0.91036,results/complex_1/rank25_confidence0.01.sdf
complex_1,O=C1NC(=O)C(F)=CN1,28,-0.66,0.68638,3.87136,12.08391,results/complex_1/rank28_confidence-0.66.sdf
complex_1,O=C1NC(=O)C(F)=CN1,29,-0.73,0.62201,3.69069,9.85341,results/complex_1/rank29_confidence-0.73.sdf
complex_1,O=C1NC(=O)C(F)=CN1,1,0.31,0.57151,3.51894,-3.16274,results/complex_1/rank1_confidence0.31.sdf
complex_1,O=C1NC(=O)C(F)=CN1,26,-0.02,0.56136,3.63244,2.47227,results/complex_1/rank26_confidence-0.02.sdf
complex_1,O=C1NC(=O)C(F)=CN1,7,0.27,0.51247,3.50244,-3.14493,results/complex_1/rank7_confidence0.27.sdf
complex_1,O=C1NC(=O)C(F)=CN1,5,0.28,0.46714,3.39072,-2.08024,results/complex_1/rank5_confidence0.28.sdf
complex_1,O=C1NC(=O)C(F)=CN1,11,0.23,0.4616,3.36589,-2.32967,results/complex_1/rank11_confidence0.23.sdf
complex_1,O=C1NC(=O)C(F)=CN1,13,0.21,0.43332,3.36028,-2.56394,results/complex_1/rank13_confidence0.21.sdf
complex_1,O=C1NC(=O)C(F)=CN1,27,-0.64,0.4332,3.51335,-1.40553,results/complex_1/rank27_confidence-0.64.sdf
complex_1,O=C1NC(=O)C(F)=CN1,18,0.2,0.41038,3.33626,-2.1518,results/complex_1/rank18_confidence0.20.sdf
complex_1,O=C1NC(=O)C(F)=CN1,9,0.24,0.40927,3.33757,-1.85637,results/complex_1/rank9_confidence0.24.sdf
complex_1,O=C1NC(=O)C(F)=CN1,10,0.23,0.40374,3.32638,-1.88828,results/complex_1/rank10_confidence0.23.sdf
complex_1,O=C1NC(=O)C(F)=CN1,17,0.2,0.40017,3.33774,-2.33347,results/complex_1/rank17_confidence0.20.sdf
complex_1,O=C1NC(=O)C(F)=CN1,15,0.21,0.39979,3.38613,-0.62995,results/complex_1/rank15_confidence0.21.sdf
complex_1,O=C1NC(=O)C(F)=CN1,16,0.2,0.39823,3.3165,-1.96275,results/complex_1/rank16_confidence0.20.sdf
complex_1,O=C1NC(=O)C(F)=CN1,14,0.21,0.39664,3.31909,-1.53395,results/complex_1/rank14_confidence0.21.sdf
complex_1,O=C1NC(=O)C(F)=CN1,22,0.13,0.39652,3.41902,0.05084,results/complex_1/rank22_confidence0.13.sdf
complex_1,O=C1NC(=O)C(F)=CN1,23,0.1,0.37222,3.34246,-1.89411,results/complex_1/rank23_confidence0.10.sdf
complex_1,O=C1NC(=O)C(F)=CN1,20,0.16,0.36958,3.31259,-0.65898,results/complex_1/rank20_confidence0.16.sdf
complex_1,O=C1NC(=O)C(F)=CN1,30,-1.32,0.34968,3.49659,-2.45235,results/complex_1/rank30_confidence-1.32.sdf
complex_1,O=C1NC(=O)C(F)=CN1,24,0.04,0.33219,3.33281,-0.57599,results/complex_1/rank24_confidence0.04.sdf
complex_2,n1c(c(c(c2c1ccc(c2)Cl)c1ccccc1)C(=O)O)N1CCCCC1,4,-0.48,0.53538,5.44065,6.6939,results/complex_2/rank4_confidence-0.48.sdf
complex_2,n1c(c(c(c2c1ccc(c2)Cl)c1ccccc1)C(=O)O)N1CCCCC1,5,-0.52,0.5149,5.21941,19.80583,results/complex_2/rank5_confidence-0.52.sdf
complex_2,n1c(c(c(c2c1ccc(c2)Cl)c1ccccc1)C(=O)O)N1CCCCC1,6,-0.67,0.48415,5.14425,-0.51051,results/complex_2/rank6_confidence-0.67.sdf
complex_2,n1c(c(c(c2c1ccc(c2)Cl)c1ccccc1)C(=O)O)N1CCCCC1,1,0.1,0.44305,5.30894,0.67328,results/complex_2/rank1_confidence0.10.sdf
complex_2,n1c(c(c(c2c1ccc(c2)Cl)c1ccccc1)C(=O)O)N1CCCCC1,11,-1.22,0.4279,5.29575,-1.32895,results/complex_2/rank11_confidence-1.22.sdf
complex_2,n1c(c(c(c2c1ccc(c2)Cl)c1ccccc1)C(=O)O)N1CCCCC1,19,-1.79,0.42649,5.2711,8.47895,results/complex_2/rank19_confidence-1.79.sdf
complex_2,n1c(c(c(c2c1ccc(c2)Cl)c1ccccc1)C(=O)O)N1CCCCC1,25,-1.99,0.42371,5.39395,-3.56329,results/complex_2/rank25_confidence-1.99.sdf
complex_2,n1c(c(c(c2c1ccc(c2)Cl)c1ccccc1)C(=O)O)N1CCCCC1,23,-1.88,0.41424,5.16603,-2.41306,results/complex_2/rank23_confidence-1.88.sdf
complex_2,n1c(c(c(c2c1ccc(c2)Cl)c1ccccc1)C(=O)O)N1CCCCC1,3,-0.15,0.4062,5.29168,8.32009,results/complex_2/rank3_confidence-0.15.sdf
complex_2,n1c(c(c(c2c1ccc(c2)Cl)c1ccccc1)C(=O)O)N1CCCCC1,9,-0.87,0.4036,5.26283,-3.5966,results/complex_2/rank9_confidence-0.87.sdf
complex_2,n1c(c(c(c2c1ccc(c2)Cl)c1ccccc1)C(=O)O)N1CCCCC1,24,-1.93,0.39719,5.26764,7.24856,results/complex_2/rank24_confidence-1.93.sdf
complex_2,n1c(c(c(c2c1ccc(c2)Cl)c1ccccc1)C(=O)O)N1CCCCC1,2,-0.08,0.39637,5.15818,-2.97433,results/complex_2/rank2_confidence-0.08.sdf
complex_2,n1c(c(c(c2c1ccc(c2)Cl)c1ccccc1)C(=O)O)N1CCCCC1,17,-1.51,0.39292,5.34855,-3.76106,results/complex_2/rank17_confidence-1.51.sdf
complex_2,n1c(c(c(c2c1ccc(c2)Cl)c1ccccc1)C(=O)O)N1CCCCC1,18,-1.73,0.36806,5.10591,0.38506,results/complex_2/rank18_confidence-1.73.sdf
complex_2,n1c(c(c(c2c1ccc(c2)Cl)c1ccccc1)C(=O)O)N1CCCCC1,16,-1.48,0.35906,4.87498,6.42344,results/complex_2/rank16_confidence-1.48.sdf
complex_0,CN1C=C2C=C(C(=CC2=N1)Cl)NC3=NC(=O)N(C(=O)N3CC4=CC(=C(C=C4F)F)F)CC5=NN(C=N5)C,9,-1.25,0.559,6.68287,9.85306,results/complex_0/rank9_confidence-1.25.sdf
complex_0,CN1C=C2C=C(C(=CC2=N1)Cl)NC3=NC(=O)N(C(=O)N3CC4=CC(=C(C=C4F)F)F)CC5=NN(C=N5)C,3,-0.54,0.5497,6.80693,2.47468,results/complex_0/rank3_confidence-0.54.sdf
complex_0,CN1C=C2C=C(C(=CC2=N1)Cl)NC3=NC(=O)N(C(=O)N3CC4=CC(=C(C=C4F)F)F)CC5=NN(C=N5)C,10,-1.29,0.54734,6.81426,15.80099,results/complex_0/rank10_confidence-1.29.sdf
complex_0,CN1C=C2C=C(C(=CC2=N1)Cl)NC3=NC(=O)N(C(=O)N3CC4=CC(=C(C=C4F)F)F)CC5=NN(C=N5)C,11,-1.4,0.53646,6.78906,13.31971,results/complex_0/rank11_confidence-1.40.sdf
complex_0,CN1C=C2C=C(C(=CC2=N1)Cl)NC3=NC(=O)N(C(=O)N3CC4=CC(=C(C=C4F)F)F)CC5=NN(C=N5)C,4,-0.72,0.53397,6.98296,4.77922,results/complex_0/rank4_confidence-0.72.sdf
complex_0,CN1C=C2C=C(C(=CC2=N1)Cl)NC3=NC(=O)N(C(=O)N3CC4=CC(=C(C=C4F)F)F)CC5=NN(C=N5)C,1,-0.07,0.52499,7.01372,-6.77595,results/complex_0/rank1_confidence-0.07.sdf
complex_0,CN1C=C2C=C(C(=CC2=N1)Cl)NC3=NC(=O)N(C(=O)N3CC4=CC(=C(C=C4F)F)F)CC5=NN(C=N5)C,3,-0.44,0.47729,6.76693,-5.62703,results/complex_0/rank3_confidence-0.44.sdf
complex_0,CN1C=C2C=C(C(=CC2=N1)Cl)NC3=NC(=O)N(C(=O)N3CC4=CC(=C(C=C4F)F)F)CC5=NN(C=N5)C,8,-1.21,0.47455,6.68472,-1.16643,results/complex_0/rank8_confidence-1.21.sdf
complex_0,CN1C=C2C=C(C(=CC2=N1)Cl)NC3=NC(=O)N(C(=O)N3CC4=CC(=C(C=C4F)F)F)CC5=NN(C=N5)C,12,-1.45,0.47356,6.6772,9.63334,results/complex_0/rank12_confidence-1.45.sdf
complex_0,CN1C=C2C=C(C(=CC2=N1)Cl)NC3=NC(=O)N(C(=O)N3CC4=CC(=C(C=C4F)F)F)CC5=NN(C=N5)C,15,-1.64,0.46466,6.63799,7.27439,results/complex_0/rank15_confidence-1.64.sdf
complex_0,CN1C=C2C=C(C(=CC2=N1)Cl)NC3=NC(=O)N(C(=O)N3CC4=CC(=C(C=C4F)F)F)CC5=NN(C=N5)C,6,-1.08,0.44874,6.52801,0.49879,results/complex_0/rank6_confidence-1.08.sdf
complex_0,CN1C=C2C=C(C(=CC2=N1)Cl)NC3=NC(=O)N(C(=O)N3CC4=CC(=C(C=C4F)F)F)CC5=NN(C=N5)C,1,-0.23,0.44189,6.72743,-3.62677,results/complex_0/rank1_confidence-0.23.sdf
complex_0,CN1C=C2C=C(C(=CC2=N1)Cl)NC3=NC(=O)N(C(=O)N3CC4=CC(=C(C=C4F)F)F)CC5=NN(C=N5)C,11,-1.34,0.44035,6.69952,7.98069,results/complex_0/rank11_confidence-1.34.sdf
complex_0,CN1C=C2C=C(C(=CC2=N1)Cl)NC3=NC(=O)N(C(=O)N3CC4=CC(=C(C=C4F)F)F)CC5=NN(C=N5)C,2,-0.42,0.43549,6.61805,-2.4627,results/complex_0/rank2_confidence-0.42.sdf
complex_0,CN1C=C2C=C(C(=CC2=N1)Cl)NC3=NC(=O)N(C(=O)N3CC4=CC(=C(C=C4F)F)F)CC5=NN(C=N5)C,4,-0.58,0.43304,6.50559,9.07832,results/complex_0/rank4_confidence-0.58.sdf
complex_0,CN1C=C2C=C(C(=CC2=N1)Cl)NC3=NC(=O)N(C(=O)N3CC4=CC(=C(C=C4F)F)F)CC5=NN(C=N5)C,18,-1.7,0.42878,6.50959,19.48548,results/complex_0/rank18_confidence-1.70.sdf
complex_0,CN1C=C2C=C(C(=CC2=N1)Cl)NC3=NC(=O)N(C(=O)N3CC4=CC(=C(C=C4F)F)F)CC5=NN(C=N5)C,15,-1.6,0.41985,6.57381,8.81371,results/complex_0/rank15_confidence-1.60.sdf
complex_0,CN1C=C2C=C(C(=CC2=N1)Cl)NC3=NC(=O)N(C(=O)N3CC4=CC(=C(C=C4F)F)F)CC5=NN(C=N5)C,5,-0.88,0.4194,6.67874,1.89516,results/complex_0/rank5_confidence-0.88.sdf
complex_0,CN1C=C2C=C(C(=CC2=N1)Cl)NC3=NC(=O)N(C(=O)N3CC4=CC(=C(C=C4F)F)F)CC5=NN(C=N5)C,14,-1.57,0.41262,6.52223,4.55844,results/complex_0/rank14_confidence-1.57.sdf
complex_0,CN1C=C2C=C(C(=CC2=N1)Cl)NC3=NC(=O)N(C(=O)N3CC4=CC(=C(C=C4F)F)F)CC5=NN(C=N5)C,20,-1.78,0.40922,6.56323,8.17734,results/complex_0/rank20_confidence-1.78.sdf
complex_0,CN1C=C2C=C(C(=CC2=N1)Cl)NC3=NC(=O)N(C(=O)N3CC4=CC(=C(C=C4F)F)F)CC5=NN(C=N5)C,19,-1.73,0.40329,6.51488,16.28157,results/complex_0/rank19_confidence-1.73.sdf
complex_0,CN1C=C2C=C(C(=CC2=N1)Cl)NC3=NC(=O)N(C(=O)N3CC4=CC(=C(C=C4F)F)F)CC5=NN(C=N5)C,17,-1.64,0.40003,6.4662,17.33925,results/complex_0/rank17_confidence-1.64.sdf
complex_0,CN1C=C2C=C(C(=CC2=N1)Cl)NC3=NC(=O)N(C(=O)N3CC4=CC(=C(C=C4F)F)F)CC5=NN(C=N5)C,17,-1.97,0.39752,6.82516,7.36696,results/complex_0/rank17_confidence-1.97.sdf
complex_0,CN1C=C2C=C(C(=CC2=N1)Cl)NC3=NC(=O)N(C(=O)N3CC4=CC(=C(C=C4F)F)F)CC5=NN(C=N5)C,5,-0.76,0.39525,6.75193,0.07303,results/complex_0/rank5_confidence-0.76.sdf
complex_0,CN1C=C2C=C(C(=CC2=N1)Cl)NC3=NC(=O)N(C(=O)N3CC4=CC(=C(C=C4F)F)F)CC5=NN(C=N5)C,7,-1.08,0.39496,6.48218,7.83925,results/complex_0/rank7_confidence-1.08.sdf
complex_0,CN1C=C2C=C(C(=CC2=N1)Cl)NC3=NC(=O)N(C(=O)N3CC4=CC(=C(C=C4F)F)F)CC5=NN(C=N5)C,8,-1.17,0.39274,6.48118,6.04167,results/complex_0/rank8_confidence-1.17.sdf
complex_0,CN1C=C2C=C(C(=CC2=N1)Cl)NC3=NC(=O)N(C(=O)N3CC4=CC(=C(C=C4F)F)F)CC5=NN(C=N5)C,21,-1.81,0.38996,6.63673,4.94688,results/complex_0/rank21_confidence-1.81.sdf
complex_0,CN1C=C2C=C(C(=CC2=N1)Cl)NC3=NC(=O)N(C(=O)N3CC4=CC(=C(C=C4F)F)F)CC5=NN(C=N5)C,6,-1.05,0.38406,6.78407,-0.98292,results/complex_0/rank6_confidence-1.05.sdf
complex_0,CN1C=C2C=C(C(=CC2=N1)Cl)NC3=NC(=O)N(C(=O)N3CC4=CC(=C(C=C4F)F)F)CC5=NN(C=N5)C,16,-1.61,0.36227,6.21961,30.24148,results/complex_0/rank16_confidence-1.61.sdf
complex_0,CN1C=C2C=C(C(=CC2=N1)Cl)NC3=NC(=O)N(C(=O)N3CC4=CC(=C(C=C4F)F)F)CC5=NN(C=N5)C,13,-1.52,0.35448,6.56165,-1.61005,results/complex_0/rank13_confidence-1.52.sdf
complex_0,CN1C=C2C=C(C(=CC2=N1)Cl)NC3=NC(=O)N(C(=O)N3CC4=CC(=C(C=C4F)F)F)CC5=NN(C=N5)C,2,-0.29,0.3521,6.70387,-5.77514,results/complex_0/rank2_confidence-0.29.sdf
complex_0,CN1C=C2C=C(C(=CC2=N1)Cl)NC3=NC(=O)N(C(=O)N3CC4=CC(=C(C=C4F)F)F)CC5=NN(C=N5)C,9,-1.29,0.35088,6.27338,13.88573,results/complex_0/rank9_confidence-1.29.sdf
complex_0,CN1C=C2C=C(C(=CC2=N1)Cl)NC3=NC(=O)N(C(=O)N3CC4=CC(=C(C=C4F)F)F)CC5=NN(C=N5)C,10,-1.4,0.34939,6.53705,20.27654,results/complex_0/rank10_confidence-1.40.sdf
complex_0,CN1C=C2C=C(C(=CC2=N1)Cl)NC3=NC(=O)N(C(=O)N3CC4=CC(=C(C=C4F)F)F)CC5=NN(C=N5)C,16,-1.89,0.34576,6.34648,27.95652,results/complex_0/rank16_confidence-1.89.sdf
complex_0,CN1C=C2C=C(C(=CC2=N1)Cl)NC3=NC(=O)N(C(=O)N3CC4=CC(=C(C=C4F)F)F)CC5=NN(C=N5)C,7,-1.17,0.33544,6.46951,-4.13411,results/complex_0/rank7_confidence-1.17.sdf
complex_0,CN1C=C2C=C(C(=CC2=N1)Cl)NC3=NC(=O)N(C(=O)N3CC4=CC(=C(C=C4F)F)F)CC5=NN(C=N5)C,13,-1.48,0.30723,6.19182,7.15113,results/complex_0/rank13_confidence-1.48.sdf
complex_1,O=C1NC(=O)C(F)=CN1,19,0.16,0.74608,3.70717,-2.18187,results/complex_1/rank19_confidence0.16.sdf
complex_1,O=C1NC(=O)C(F)=CN1,25,0.01,0.73502,3.72194,-0.91036,results/complex_1/rank25_confidence0.01.sdf
complex_1,O=C1NC(=O)C(F)=CN1,28,-0.66,0.68399,3.88126,12.08391,results/complex_1/rank28_confidence-0.66.sdf
complex_1,O=C1NC(=O)C(F)=CN1,2,0.3,0.66454,3.61501,-3.48744,results/complex_1/rank2_confidence0.30.sdf
complex_1,O=C1NC(=O)C(F)=CN1,28,-0.87,0.62687,3.71543,13.1068,results/complex_1/rank28_confidence-0.87.sdf
complex_1,O=C1NC(=O)C(F)=CN1,29,-0.73,0.62201,3.69069,9.85341,results/complex_1/rank29_confidence-0.73.sdf
complex_1,O=C1NC(=O)C(F)=CN1,25,0.07,0.57882,3.4942,-3.20561,results/complex_1/rank25_confidence0.07.sdf
complex_1,O=C1NC(=O)C(F)=CN1,26,-0.02,0.56136,3.63244,2.47227,results/complex_1/rank26_confidence-0.02.sdf
complex_1,O=C1NC(=O)C(F)=CN1,1,0.31,0.55806,3.48491,-3.32793,results/complex_1/rank1_confidence0.31.sdf
complex_1,O=C1NC(=O)C(F)=CN1,7,0.27,0.51125,3.49683,-3.14493,results/complex_1/rank7_confidence0.27.sdf
complex_1,O=C1NC(=O)C(F)=CN1,5,0.26,0.49429,3.43672,-2.77941,results/complex_1/rank5_confidence0.26.sdf
complex_1,O=C1NC(=O)C(F)=CN1,21,0.15,0.4768,3.51351,0.40372,results/complex_1/rank21_confidence0.15.sdf
complex_1,O=C1NC(=O)C(F)=CN1,5,0.28,0.46714,3.39072,-2.08024,results/complex_1/rank5_confidence0.28.sdf
complex_1,O=C1NC(=O)C(F)=CN1,4,0.27,0.46,3.37021,-2.06665,results/complex_1/rank4_confidence0.27.sdf
complex_1,O=C1NC(=O)C(F)=CN1,11,0.23,0.45854,3.36325,-2.32967,results/complex_1/rank11_confidence0.23.sdf
complex_1,O=C1NC(=O)C(F)=CN1,13,0.2,0.45518,3.3937,-2.79871,results/complex_1/rank13_confidence0.20.sdf
complex_1,O=C1NC(=O)C(F)=CN1,27,-0.62,0.4469,3.50477,-1.17513,results/complex_1/rank27_confidence-0.62.sdf
complex_1,O=C1NC(=O)C(F)=CN1,27,-0.64,0.43462,3.51833,-1.40553,results/complex_1/rank27_confidence-0.64.sdf
complex_1,O=C1NC(=O)C(F)=CN1,12,0.21,0.43371,3.41905,-2.93582,results/complex_1/rank12_confidence0.21.sdf
complex_1,O=C1NC(=O)C(F)=CN1,15,0.2,0.43336,3.36532,-2.72445,results/complex_1/rank15_confidence0.20.sdf
complex_1,O=C1NC(=O)C(F)=CN1,13,0.21,0.43332,3.36028,-2.56394,results/complex_1/rank13_confidence0.21.sdf
complex_1,O=C1NC(=O)C(F)=CN1,14,0.2,0.42138,3.35119,-2.56864,results/complex_1/rank14_confidence0.20.sdf
complex_1,O=C1NC(=O)C(F)=CN1,7,0.24,0.41651,3.34654,-1.91611,results/complex_1/rank7_confidence0.24.sdf
complex_1,O=C1NC(=O)C(F)=CN1,18,0.2,0.41333,3.33951,-2.1518,results/complex_1/rank18_confidence0.20.sdf
complex_1,O=C1NC(=O)C(F)=CN1,8,0.23,0.40908,3.33114,-1.92964,results/complex_1/rank8_confidence0.23.sdf
complex_1,O=C1NC(=O)C(F)=CN1,17,0.2,0.40852,3.32898,-2.0126,results/complex_1/rank17_confidence0.20.sdf
complex_1,O=C1NC(=O)C(F)=CN1,9,0.22,0.40839,3.33162,-1.85066,results/complex_1/rank9_confidence0.22.sdf
complex_1,O=C1NC(=O)C(F)=CN1,11,0.21,0.40778,3.32641,-1.9569,results/complex_1/rank11_confidence0.21.sdf
complex_1,O=C1NC(=O)C(F)=CN1,9,0.24,0.40669,3.335,-1.85637,results/complex_1/rank9_confidence0.24.sdf
complex_1,O=C1NC(=O)C(F)=CN1,10,0.23,0.40657,3.32888,-1.88828,results/complex_1/rank10_confidence0.23.sdf
complex_1,O=C1NC(=O)C(F)=CN1,16,0.2,0.40606,3.32324,-2.21173,results/complex_1/rank16_confidence0.20.sdf
complex_1,O=C1NC(=O)C(F)=CN1,15,0.21,0.40391,3.39131,-0.62995,results/complex_1/rank15_confidence0.21.sdf
complex_1,O=C1NC(=O)C(F)=CN1,23,0.13,0.40345,3.43374,-0.03839,results/complex_1/rank23_confidence0.13.sdf
complex_1,O=C1NC(=O)C(F)=CN1,10,0.22,0.399,3.35841,-1.75324,results/complex_1/rank10_confidence0.22.sdf
complex_1,O=C1NC(=O)C(F)=CN1,14,0.21,0.39664,3.31909,-1.53395,results/complex_1/rank14_confidence0.21.sdf
complex_1,O=C1NC(=O)C(F)=CN1,18,0.19,0.3949,3.39549,-0.58195,results/complex_1/rank18_confidence0.19.sdf
complex_1,O=C1NC(=O)C(F)=CN1,22,0.13,0.39423,3.41614,0.05084,results/complex_1/rank22_confidence0.13.sdf
complex_1,O=C1NC(=O)C(F)=CN1,19,0.18,0.38067,3.3069,-1.22941,results/complex_1/rank19_confidence0.18.sdf
complex_1,O=C1NC(=O)C(F)=CN1,20,0.17,0.37644,3.34022,-1.58217,results/complex_1/rank20_confidence0.17.sdf
complex_1,O=C1NC(=O)C(F)=CN1,23,0.1,0.37368,3.34843,-1.89411,results/complex_1/rank23_confidence0.10.sdf
complex_1,O=C1NC(=O)C(F)=CN1,24,0.08,0.37262,3.4335,-1.83316,results/complex_1/rank24_confidence0.08.sdf
complex_1,O=C1NC(=O)C(F)=CN1,30,-1.58,0.37183,3.57169,-2.28512,results/complex_1/rank30_confidence-1.58.sdf
complex_1,O=C1NC(=O)C(F)=CN1,20,0.16,0.36958,3.31259,-0.65898,results/complex_1/rank20_confidence0.16.sdf
complex_1,O=C1NC(=O)C(F)=CN1,22,0.14,0.36209,3.31737,-0.70291,results/complex_1/rank22_confidence0.14.sdf
complex_1,O=C1NC(=O)C(F)=CN1,29,-1.41,0.36074,3.37675,-1.54371,results/complex_1/rank29_confidence-1.41.sdf
complex_1,O=C1NC(=O)C(F)=CN1,30,-1.32,0.34863,3.50557,-2.45235,results/complex_1/rank30_confidence-1.32.sdf
complex_1,O=C1NC(=O)C(F)=CN1,24,0.04,0.3299,3.33032,-0.57599,results/complex_1/rank24_confidence0.04.sdf
complex_1,O=C1NC(=O)C(F)=CN1,26,-0.44,0.31752,3.36195,-2.51647,results/complex_1/rank26_confidence-0.44.sdf
complex_2,n1c(c(c(c2c1ccc(c2)Cl)c1ccccc1)C(=O)O)N1CCCCC1,2,-0.14,0.55179,5.39157,11.17307,results/complex_2/rank2_confidence-0.14.sdf
complex_2,n1c(c(c(c2c1ccc(c2)Cl)c1ccccc1)C(=O)O)N1CCCCC1,4,-0.48,0.5311,5.44697,6.6939,results/complex_2/rank4_confidence-0.48.sdf
complex_2,n1c(c(c(c2c1ccc(c2)Cl)c1ccccc1)C(=O)O)N1CCCCC1,3,-0.19,0.51468,5.29391,12.51381,results/complex_2/rank3_confidence-0.19.sdf
complex_2,n1c(c(c(c2c1ccc(c2)Cl)c1ccccc1)C(=O)O)N1CCCCC1,5,-0.52,0.50853,5.22831,19.80583,results/complex_2/rank5_confidence-0.52.sdf
complex_2,n1c(c(c(c2c1ccc(c2)Cl)c1ccccc1)C(=O)O)N1CCCCC1,1,-0.01,0.50249,5.53918,2.60943,results/complex_2/rank1_confidence-0.01.sdf
complex_2,n1c(c(c(c2c1ccc(c2)Cl)c1ccccc1)C(=O)O)N1CCCCC1,6,-0.67,0.48415,5.14425,-0.51051,results/complex_2/rank6_confidence-0.67.sdf
complex_2,n1c(c(c(c2c1ccc(c2)Cl)c1ccccc1)C(=O)O)N1CCCCC1,1,0.1,0.45134,5.30875,0.67328,results/complex_2/rank1_confidence0.10.sdf
complex_2,n1c(c(c(c2c1ccc(c2)Cl)c1ccccc1)C(=O)O)N1CCCCC1,14,-1.79,0.44577,4.69735,8.58583,results/complex_2/rank14_confidence-1.79.sdf
complex_2,n1c(c(c(c2c1ccc(c2)Cl)c1ccccc1)C(=O)O)N1CCCCC1,11,-1.22,0.4279,5.29575,-1.32895,results/complex_2/rank11_confidence-1.22.sdf
complex_2,n1c(c(c(c2c1ccc(c2)Cl)c1ccccc1)C(=O)O)N1CCCCC1,19,-1.79,0.42537,5.27477,8.47895,results/complex_2/rank19_confidence-1.79.sdf
complex_2,n1c(c(c(c2c1ccc(c2)Cl)c1ccccc1)C(=O)O)N1CCCCC1,9,-1.19,0.42425,5.21693,-2.99281,results/complex_2/rank9_confidence-1.19.sdf
complex_2,n1c(c(c(c2c1ccc(c2)Cl)c1ccccc1)C(=O)O)N1CCCCC1,25,-1.99,0.42405,5.38987,-3.56329,results/complex_2/rank25_confidence-1.99.sdf
complex_2,n1c(c(c(c2c1ccc(c2)Cl)c1ccccc1)C(=O)O)N1CCCCC1,13,-1.77,0.41922,5.39853,-1.15955,results/complex_2/rank13_confidence-1.77.sdf
complex_2,n1c(c(c(c2c1ccc(c2)Cl)c1ccccc1)C(=O)O)N1CCCCC1,23,-1.88,0.41451,5.16521,-2.41306,results/complex_2/rank23_confidence-1.88.sdf
complex_2,n1c(c(c(c2c1ccc(c2)Cl)c1ccccc1)C(=O)O)N1CCCCC1,3,-0.15,0.4057,5.29622,8.32009,results/complex_2/rank3_confidence-0.15.sdf
complex_2,n1c(c(c(c2c1ccc(c2)Cl)c1ccccc1)C(=O)O)N1CCCCC1,9,-0.87,0.40418,5.26493,-3.5966,results/complex_2/rank9_confidence-0.87.sdf
complex_2,n1c(c(c(c2c1ccc(c2)Cl)c1ccccc1)C(=O)O)N1CCCCC1,12,-1.65,0.3987,5.13262,-3.18891,results/complex_2/rank12_confidence-1.65.sdf
complex_2,n1c(c(c(c2c1ccc(c2)Cl)c1ccccc1)C(=O)O)N1CCCCC1,24,-1.93,0.39719,5.26764,7.24856,results/complex_2/rank24_confidence-1.93.sdf
complex_2,n1c(c(c(c2c1ccc(c2)Cl)c1ccccc1)C(=O)O)N1CCCCC1,2,-0.08,0.39508,5.16397,-2.97433,results/complex_2/rank2_confidence-0.08.sdf
complex_2,n1c(c(c(c2c1ccc(c2)Cl)c1ccccc1)C(=O)O)N1CCCCC1,17,-1.51,0.39293,5.34057,-3.76106,results/complex_2/rank17_confidence-1.51.sdf
complex_2,n1c(c(c(c2c1ccc(c2)Cl)c1ccccc1)C(=O)O)N1CCCCC1,16,-1.82,0.38202,4.71275,5.71304,results/complex_2/rank16_confidence-1.82.sdf
complex_2,n1c(c(c(c2c1ccc(c2)Cl)c1ccccc1)C(=O)O)N1CCCCC1,18,-1.73,0.36915,5.1102,0.38506,results/complex_2/rank18_confidence-1.73.sdf
complex_2,n1c(c(c(c2c1ccc(c2)Cl)c1ccccc1)C(=O)O)N1CCCCC1,16,-1.48,0.35906,4.87498,6.42344,results/complex_2/rank16_confidence-1.48.sdf
complex_2,n1c(c(c(c2c1ccc(c2)Cl)c1ccccc1)C(=O)O)N1CCCCC1,5,-0.56,0.35055,5.2792,-5.75179,results/complex_2/rank5_confidence-0.56.sdf
complex_2,n1c(c(c(c2c1ccc(c2)Cl)c1ccccc1)C(=O)O)N1CCCCC1,15,-1.79,0.33883,5.03757,3.43691,results/complex_2/rank15_confidence-1.79.sdf
complex_2,n1c(c(c(c2c1ccc(c2)Cl)c1ccccc1)C(=O)O)N1CCCCC1,4,-0.47,0.32005,5.04961,-1.77967,results/complex_2/rank4_confidence-0.47.sdf
complex_0,CN1C=C2C=C(C(=CC2=N1)Cl)NC3=NC(=O)N(C(=O)N3CC4=CC(=C(C=C4F)F)F)CC5=NN(C=N5)C,9,-1.25,0.55703,6.68643,9.85306,results/complex_0/rank9_confidence-1.25.sdf
complex_0,CN1C=C2C=C(C(=CC2=N1)Cl)NC3=NC(=O)N(C(=O)N3CC4=CC(=C(C=C4F)F)F)CC5=NN(C=N5)C,3,-0.54,0.5497,6.80693,2.47468,results/complex_0/rank3_confidence-0.54.sdf
complex_0,CN1C=C2C=C(C(=CC2=N1)Cl)NC3=NC(=O)N(C(=O)N3CC4=CC(=C(C=C4F)F)F)CC5=NN(C=N5)C,10,-1.29,0.54657,6.80939,15.80099,results/complex_0/rank10_confidence-1.29.sdf
complex_0,CN1C=C2C=C(C(=CC2=N1)Cl)NC3=NC(=O)N(C(=O)N3CC4=CC(=C(C=C4F)F)F)CC5=NN(C=N5)C,11,-1.4,0.53792,6.78275,13.31971,results/complex_0/rank11_confidence-1.40.sdf
complex_0,CN1C=C2C=C(C(=CC2=N1)Cl)NC3=NC(=O)N(C(=O)N3CC4=CC(=C(C=C4F)F)F)CC5=NN(C=N5)C,4,-0.72,0.53574,6.97378,4.77922,results/complex_0/rank4_confidence-0.72.sdf
complex_0,CN1C=C2C=C(C(=CC2=N1)Cl)NC3=NC(=O)N(C(=O)N3CC4=CC(=C(C=C4F)F)F)CC5=NN(C=N5)C,1,-0.07,0.52499,7.01372,-6.77595,results/complex_0/rank1_confidence-0.07.sdf
complex_0,CN1C=C2C=C(C(=CC2=N1)Cl)NC3=NC(=O)N(C(=O)N3CC4=CC(=C(C=C4F)F)F)CC5=NN(C=N5)C,1,-0.76,0.51212,7.02989,1.1634,results/complex_0/rank1_confidence-0.76.sdf
complex_0,CN1C=C2C=C(C(=CC2=N1)Cl)NC3=NC(=O)N(C(=O)N3CC4=CC(=C(C=C4F)F)F)CC5=NN(C=N5)C,3,-0.44,0.47885,6.76848,-5.62703,results/complex_0/rank3_confidence-0.44.sdf
complex_0,CN1C=C2C=C(C(=CC2=N1)Cl)NC3=NC(=O)N(C(=O)N3CC4=CC(=C(C=C4F)F)F)CC5=NN(C=N5)C,8,-1.21,0.47455,6.68472,-1.16643,results/complex_0/rank8_confidence-1.21.sdf
complex_0,CN1C=C2C=C(C(=CC2=N1)Cl)NC3=NC(=O)N(C(=O)N3CC4=CC(=C(C=C4F)F)F)CC5=NN(C=N5)C,12,-1.45,0.47223,6.67312,9.63334,results/complex_0/rank12_confidence-1.45.sdf
complex_0,CN1C=C2C=C(C(=CC2=N1)Cl)NC3=NC(=O)N(C(=O)N3CC4=CC(=C(C=C4F)F)F)CC5=NN(C=N5)C,15,-1.64,0.46125,6.63837,7.27439,results/complex_0/rank15_confidence-1.64.sdf
complex_0,CN1C=C2C=C(C(=CC2=N1)Cl)NC3=NC(=O)N(C(=O)N3CC4=CC(=C(C=C4F)F)F)CC5=NN(C=N5)C,6,-1.08,0.44605,6.53762,0.49879,results/complex_0/rank6_confidence-1.08.sdf
complex_0,CN1C=C2C=C(C(=CC2=N1)Cl)NC3=NC(=O)N(C(=O)N3CC4=CC(=C(C=C4F)F)F)CC5=NN(C=N5)C,1,-0.23,0.44188,6.73968,-3.62677,results/complex_0/rank1_confidence-0.23.sdf
complex_0,CN1C=C2C=C(C(=CC2=N1)Cl)NC3=NC(=O)N(C(=O)N3CC4=CC(=C(C=C4F)F)F)CC5=NN(C=N5)C,11,-1.34,0.43808,6.70804,7.98069,results/complex_0/rank11_confidence-1.34.sdf
complex_0,CN1C=C2C=C(C(=CC2=N1)Cl)NC3=NC(=O)N(C(=O)N3CC4=CC(=C(C=C4F)F)F)CC5=NN(C=N5)C,2,-0.42,0.43549,6.61805,-2.4627,results/complex_0/rank2_confidence-0.42.sdf
complex_0,CN1C=C2C=C(C(=CC2=N1)Cl)NC3=NC(=O)N(C(=O)N3CC4=CC(=C(C=C4F)F)F)CC5=NN(C=N5)C,4,-0.58,0.43285,6.50409,9.07832,results/complex_0/rank4_confidence-0.58.sdf
complex_0,CN1C=C2C=C(C(=CC2=N1)Cl)NC3=NC(=O)N(C(=O)N3CC4=CC(=C(C=C4F)F)F)CC5=NN(C=N5)C,18,-1.7,0.42766,6.50653,19.48548,results/complex_0/rank18_confidence-1.70.sdf
complex_0,CN1C=C2C=C(C(=CC2=N1)Cl)NC3=NC(=O)N(C(=O)N3CC4=CC(=C(C=C4F)F)F)CC5=NN(C=N5)C,15,-1.6,0.42,6.56415,8.81371,results/complex_0/rank15_confidence-1.60.sdf
complex_0,CN1C=C2C=C(C(=CC2=N1)Cl)NC3=NC(=O)N(C(=O)N3CC4=CC(=C(C=C4F)F)F)CC5=NN(C=N5)C,5,-0.88,0.41922,6.68449,1.89516,results/complex_0/rank5_confidence-0.88.sdf
complex_0,CN1C=C2C=C(C(=CC2=N1)Cl)NC3=NC(=O)N(C(=O)N3CC4=CC(=C(C=C4F)F)F)CC5=NN(C=N5)C,14,-1.57,0.41257,6.52219,4.55844,results/complex_0/rank14_confidence-1.57.sdf
complex_0,CN1C=C2C=C(C(=CC2=N1)Cl)NC3=NC(=O)N(C(=O)N3CC4=CC(=C(C=C4F)F)F)CC5=NN(C=N5)C,20,-1.78,0.4094,6.55509,8.17734,results/complex_0/rank20_confidence-1.78.sdf
complex_0,CN1C=C2C=C(C(=CC2=N1)Cl)NC3=NC(=O)N(C(=O)N3CC4=CC(=C(C=C4F)F)F)CC5=NN(C=N5)C,19,-1.73,0.40524,6.51009,16.28157,results/complex_0/rank19_confidence-1.73.sdf
complex_0,CN1C=C2C=C(C(=CC2=N1)Cl)NC3=NC(=O)N(C(=O)N3CC4=CC(=C(C=C4F)F)F)CC5=NN(C=N5)C,17,-1.64,0.40003,6.4662,17.33925,results/complex_0/rank17_confidence-1.64.sdf
complex_0,CN1C=C2C=C(C(=CC2=N1)Cl)NC3=NC(=O)N(C(=O)N3CC4=CC(=C(C=C4F)F)F)CC5=NN(C=N5)C,17,-1.97,0.39757,6.82462,7.36696,results/complex_0/rank17_confidence-1.97.sdf
complex_0,CN1C=C2C=C(C(=CC2=N1)Cl)NC3=NC(=O)N(C(=O)N3CC4=CC(=C(C=C4F)F)F)CC5=NN(C=N5)C,5,-0.76,0.39674,6.75111,0.07303,results/complex_0/rank5_confidence-0.76.sdf
complex_0,CN1C=C2C=C(C(=CC2=N1)Cl)NC3=NC(=O)N(C(=O)N3CC4=CC(=C(C=C4F)F)F)CC5=NN(C=N5)C,8,-1.17,0.39507,6.46954,6.04167,results/complex_0/rank8_confidence-1.17.sdf
complex_0,CN1C=C2C=C(C(=CC2=N1)Cl)NC3=NC(=O)N(C(=O)N3CC4=CC(=C(C=C4F)F)F)CC5=NN(C=N5)C,7,-1.08,0.39506,6.47777,7.83925,results/complex_0/rank7_confidence-1.08.sdf
complex_0,CN1C=C2C=C(C(=CC2=N1)Cl)NC3=NC(=O)N(C(=O)N3CC4=CC(=C(C=C4F)F)F)CC5=NN(C=N5)C,3,-1.43,0.39225,6.48687,5.76499,results/complex_0/rank3_confidence-1.43.sdf
complex_0,CN1C=C2C=C(C(=CC2=N1)Cl)NC3=NC(=O)N(C(=O)N3CC4=CC(=C(C=C4F)F)F)CC5=NN(C=N5)C,21,-1.81,0.39005,6.63248,4.94688,results/complex_0/rank21_confidence-1.81.sdf
complex_0,CN1C=C2C=C(C(=CC2=N1)Cl)NC3=NC(=O)N(C(=O)N3CC4=CC(=C(C=C4F)F)F)CC5=NN(C=N5)C,6,-1.05,0.3842,6.78369,-0.98292,results/complex_0/rank6_confidence-1.05.sdf
complex_0,CN1C=C2C=C(C(=CC2=N1)Cl)NC3=NC(=O)N(C(=O)N3CC4=CC(=C(C=C4F)F)F)CC5=NN(C=N5)C,16,-1.61,0.36196,6.22506,30.24148,results/complex_0/rank16_confidence-1.61.sdf
complex_0,CN1C=C2C=C(C(=CC2=N1)Cl)NC3=NC(=O)N(C(=O)N3CC4=CC(=C(C=C4F)F)F)CC5=NN(C=N5)C,9,-1.29,0.35492,6.27024,13.88573,results/complex_0/rank9_confidence-1.29.sdf
complex_0,CN1C=C2C=C(C(=CC2=N1)Cl)NC3=NC(=O)N(C(=O)N3CC4=CC(=C(C=C4F)F)F)CC5=NN(C=N5)C,13,-1.52,0.35449,6.56156,-1.61005,results/complex_0/rank13_confidence-1.52.sdf
complex_0,CN1C=C2C=C(C(=CC2=N1)Cl)NC3=NC(=O)N(C(=O)N3CC4=CC(=C(C=C4F)F)F)CC5=NN(C=N5)C,2,-1.26,0.35217,6.26151,12.66414,results/complex_0/rank2_confidence-1.26.sdf
complex_0,CN1C=C2C=C(C(=CC2=N1)Cl)NC3=NC(=O)N(C(=O)N3CC4=CC(=C(C=C4F)F)F)CC5=NN(C=N5)C,10,-1.4,0.34939,6.53705,20.27654,results/complex_0/rank10_confidence-1.40.sdf
complex_0,CN1C=C2C=C(C(=CC2=N1)Cl)NC3=NC(=O)N(C(=O)N3CC4=CC(=C(C=C4F)F)F)CC5=NN(C=N5)C,16,-1.89,0.3464,6.35235,27.95652,results/complex_0/rank16_confidence-1.89.sdf
complex_0,CN1C=C2C=C(C(=CC2=N1)Cl)NC3=NC(=O)N(C(=O)N3CC4=CC(=C(C=C4F)F)F)CC5=NN(C=N5)C,2,-0.29,0.33659,6.70809,-5.77514,results/complex_0/rank2_confidence-0.29.sdf
complex_0,CN1C=C2C=C(C(=CC2=N1)Cl)NC3=NC(=O)N(C(=O)N3CC4=CC(=C(C=C4F)F)F)CC5=NN(C=N5)C,7,-1.17,0.33014,6.46274,-4.13411,results/complex_0/rank7_confidence-1.17.sdf
complex_0,CN1C=C2C=C(C(=CC2=N1)Cl)NC3=NC(=O)N(C(=O)N3CC4=CC(=C(C=C4F)F)F)CC5=NN(C=N5)C,13,-1.48,0.31124,6.18568,7.15113,results/complex_0/rank13_confidence-1.48.sdf
complex_1,O=C1NC(=O)C(F)=CN1,2,0.26,0.77187,3.73573,-3.74256,results/complex_1/rank2_confidence0.26.sdf
complex_1,O=C1NC(=O)C(F)=CN1,19,0.16,0.74436,3.71313,-2.18187,results/complex_1/rank19_confidence0.16.sdf
complex_1,O=C1NC(=O)C(F)=CN1,25,0.01,0.73502,3.72194,-0.91036,results/complex_1/rank25_confidence0.01.sdf
complex_1,O=C1NC(=O)C(F)=CN1,28,-0.66,0.68234,3.8808,12.08391,results/complex_1/rank28_confidence-0.66.sdf
complex_1,O=C1NC(=O)C(F)=CN1,2,0.3,0.66594,3.62016,-3.48744,results/complex_1/rank2_confidence0.30.sdf
complex_1,O=C1NC(=O)C(F)=CN1,28,-0.87,0.62946,3.70979,13.1068,results/complex_1/rank28_confidence-0.87.sdf
complex_1,O=C1NC(=O)C(F)=CN1,29,-0.73,0.62501,3.68433,9.85341,results/complex_1/rank29_confidence-0.73.sdf
complex_1,O=C1NC(=O)C(F)=CN1,25,0.07,0.58189,3.49687,-3.20561,results/complex_1/rank25_confidence0.07.sdf
complex_1,O=C1NC(=O)C(F)=CN1,26,-0.02,0.55938,3.63041,2.47227,results/complex_1/rank26_confidence-0.02.sdf
complex_1,O=C1NC(=O)C(F)=CN1,1,0.31,0.55442,3.48098,-3.32793,results/complex_1/rank1_confidence0.31.sdf
complex_1,O=C1NC(=O)C(F)=CN1,7,0.27,0.50905,3.49913,-3.14493,results/complex_1/rank7_confidence0.27.sdf
complex_1,O=C1NC(=O)C(F)=CN1,5,0.26,0.4923,3.42868,-2.77941,results/complex_1/rank5_confidence0.26.sdf
complex_1,O=C1NC(=O)C(F)=CN1,21,0.15,0.4768,3.51351,0.40372,results/complex_1/rank21_confidence0.15.sdf
complex_1,O=C1NC(=O)C(F)=CN1,5,0.28,0.46714,3.39072,-2.08024,results/complex_1/rank5_confidence0.28.sdf
complex_1,O=C1NC(=O)C(F)=CN1,11,0.23,0.46356,3.37374,-2.32967,results/complex_1/rank11_confidence0.23.sdf
complex_1,O=C1NC(=O)C(F)=CN1,4,0.27,0.46182,3.37531,-2.06665,results/complex_1/rank4_confidence0.27.sdf
complex_1,O=C1NC(=O)C(F)=CN1,13,0.2,0.45025,3.38054,-2.79871,results/complex_1/rank13_confidence0.20.sdf
complex_1,O=C1NC(=O)C(F)=CN1,27,-0.62,0.4469,3.50477,-1.17513,results/complex_1/rank27_confidence-0.62.sdf
complex_1,O=C1NC(=O)C(F)=CN1,27,-0.64,0.43551,3.50858,-1.40553,results/complex_1/rank27_confidence-0.64.sdf
complex_1,O=C1NC(=O)C(F)=CN1,13,0.21,0.43332,3.36028,-2.56394,results/complex_1/rank13_confidence0.21.sdf
complex_1,O=C1NC(=O)C(F)=CN1,12,0.21,0.43229,3.42223,-2.93582,results/complex_1/rank12_confidence0.21.sdf
complex_1,O=C1NC(=O)C(F)=CN1,15,0.2,0.42983,3.3612,-2.72445,results/complex_1/rank15_confidence0.20.sdf
complex_1,O=C1NC(=O)C(F)=CN1,14,0.2,0.42475,3.35525,-2.56864,results/complex_1/rank14_confidence0.20.sdf
complex_1,O=C1NC(=O)C(F)=CN1,7,0.24,0.4151,3.3408,-1.91611,results/complex_1/rank7_confidence0.24.sdf
complex_1,O=C1NC(=O)C(F)=CN1,18,0.2,0.41204,3.33265,-2.1518,results/complex_1/rank18_confidence0.20.sdf
complex_1,O=C1NC(=O)C(F)=CN1,9,0.24,0.40927,3.33757,-1.85637,results/complex_1/rank9_confidence0.24.sdf
complex_1,O=C1NC(=O)C(F)=CN1,17,0.2,0.40852,3.32898,-2.0126,results/complex_1/rank17_confidence0.20.sdf
complex_1,O=C1NC(=O)C(F)=CN1,16,0.2,0.40726,3.33206,-2.21173,results/complex_1/rank16_confidence0.20.sdf
complex_1,O=C1NC(=O)C(F)=CN1,8,0.23,0.40644,3.32827,-1.92964,results/complex_1/rank8_confidence0.23.sdf
complex_1,O=C1NC(=O)C(F)=CN1,11,0.21,0.40643,3.32044,-1.9569,results/complex_1/rank11_confidence0.21.sdf
complex_1,O=C1NC(=O)C(F)=CN1,10,0.23,0.40523,3.33184,-1.88828,results/complex_1/rank10_confidence0.23.sdf
complex_1,O=C1NC(=O)C(F)=CN1,9,0.22,0.40427,3.32326,-1.85066,results/complex_1/rank9_confidence0.22.sdf
complex_1,O=C1NC(=O)C(F)=CN1,23,0.13,0.40422,3.4337,-0.03839,results/complex_1/rank23_confidence0.13.sdf
complex_1,O=C1NC(=O)C(F)=CN1,15,0.21,0.40391,3.39131,-0.62995,results/complex_1/rank15_confidence0.21.sdf
complex_1,O=C1NC(=O)C(F)=CN1,4,0.2,0.40373,3.3235,-1.87118,results/complex_1/rank4_confidence0.20.sdf
complex_1,O=C1NC(=O)C(F)=CN1,3,0.22,0.39928,3.34859,-1.44773,results/complex_1/rank3_confidence0.22.sdf
complex_1,O=C1NC(=O)C(F)=CN1,10,0.22,0.399,3.35841,-1.75324,results/complex_1/rank10_confidence0.22.sdf
complex_1,O=C1NC(=O)C(F)=CN1,18,0.19,0.39696,3.39768,-0.58195,results/complex_1/rank18_confidence0.19.sdf
complex_1,O=C1NC(=O)C(F)=CN1,22,0.13,0.39454,3.41726,0.05084,results/complex_1/rank22_confidence0.13.sdf
complex_1,O=C1NC(=O)C(F)=CN1,14,0.21,0.39257,3.31118,-1.53395,results/complex_1/rank14_confidence0.21.sdf
complex_1,O=C1NC(=O)C(F)=CN1,19,0.18,0.38067,3.3069,-1.22941,results/complex_1/rank19_confidence0.18.sdf
complex_1,O=C1NC(=O)C(F)=CN1,20,0.17,0.37805,3.34576,-1.58217,results/complex_1/rank20_confidence0.17.sdf
complex_1,O=C1NC(=O)C(F)=CN1,23,0.1,0.37368,3.34843,-1.89411,results/complex_1/rank23_confidence0.10.sdf
complex_1,O=C1NC(=O)C(F)=CN1,24,0.08,0.37262,3.4335,-1.83316,results/complex_1/rank24_confidence0.08.sdf
complex_1,O=C1NC(=O)C(F)=CN1,30,-1.58,0.37183,3.57169,-2.28512,results/complex_1/rank30_confidence-1.58.sdf
complex_1,O=C1NC(=O)C(F)=CN1,5,0.13,0.37022,3.36719,-0.6148,results/complex_1/rank5_confidence0.13.sdf
complex_1,O=C1NC(=O)C(F)=CN1,20,0.16,0.36976,3.31091,-0.65898,results/complex_1/rank20_confidence0.16.sdf
complex_1,O=C1NC(=O)C(F)=CN1,22,0.14,0.3642,3.3195,-0.70291,results/complex_1/rank22_confidence0.14.sdf
complex_1,O=C1NC(=O)C(F)=CN1,29,-1.41,0.36079,3.38074,-1.54371,results/complex_1/rank29_confidence-1.41.sdf
complex_1,O=C1NC(=O)C(F)=CN1,30,-1.32,0.34863,3.50557,-2.45235,results/complex_1/rank30_confidence-1.32.sdf
complex_1,O=C1NC(=O)C(F)=CN1,24,0.04,0.32889,3.32679,-0.57599,results/complex_1/rank24_confidence0.04.sdf
complex_1,O=C1NC(=O)C(F)=CN1,26,-0.44,0.31957,3.36572,-2.51647,results/complex_1/rank26_confidence-0.44.sdf
complex_2,n1c(c(c(c2c1ccc(c2)Cl)c1ccccc1)C(=O)O)N1CCCCC1,2,-0.14,0.55179,5.39157,11.17307,results/complex_2/rank2_confidence-0.14.sdf
complex_2,n1c(c(c(c2c1ccc(c2)Cl)c1ccccc1)C(=O)O)N1CCCCC1,4,-0.48,0.53115,5.44692,6.6939,results/complex_2/rank4_confidence-0.48.sdf
complex_2,n1c(c(c(c2c1ccc(c2)Cl)c1ccccc1)C(=O)O)N1CCCCC1,3,-0.19,0.51468,5.29391,12.51381,results/complex_2/rank3_confidence-0.19.sdf
complex_2,n1c(c(c(c2c1ccc(c2)Cl)c1ccccc1)C(=O)O)N1CCCCC1,1,-0.14,0.51093,5.36434,6.40143,results/complex_2/rank1_confidence-0.14.sdf
complex_2,n1c(c(c(c2c1ccc(c2)Cl)c1ccccc1)C(=O)O)N1CCCCC1,5,-0.52,0.50853,5.22831,19.80583,results/complex_2/rank5_confidence-0.52.sdf
complex_2,n1c(c(c(c2c1ccc(c2)Cl)c1ccccc1)C(=O)O)N1CCCCC1,1,-0.01,0.50658,5.53853,2.60943,results/complex_2/rank1_confidence-0.01.sdf
complex_2,n1c(c(c(c2c1ccc(c2)Cl)c1ccccc1)C(=O)O)N1CCCCC1,6,-0.67,0.48415,5.14425,-0.51051,results/complex_2/rank6_confidence-0.67.sdf
complex_2,n1c(c(c(c2c1ccc(c2)Cl)c1ccccc1)C(=O)O)N1CCCCC1,1,0.1,0.44667,5.31347,0.67328,results/complex_2/rank1_confidence0.10.sdf
complex_2,n1c(c(c(c2c1ccc(c2)Cl)c1ccccc1)C(=O)O)N1CCCCC1,14,-1.79,0.44577,4.69735,8.58583,results/complex_2/rank14_confidence-1.79.sdf
complex_2,n1c(c(c(c2c1ccc(c2)Cl)c1ccccc1)C(=O)O)N1CCCCC1,11,-1.22,0.42915,5.29329,-1.32895,results/complex_2/rank11_confidence-1.22.sdf
complex_2,n1c(c(c(c2c1ccc(c2)Cl)c1ccccc1)C(=O)O)N1CCCCC1,19,-1.79,0.42546,5.27377,8.47895,results/complex_2/rank19_confidence-1.79.sdf
complex_2,n1c(c(c(c2c1ccc(c2)Cl)c1ccccc1)C(=O)O)N1CCCCC1,9,-1.19,0.42425,5.21693,-2.99281,results/complex_2/rank9_confidence-1.19.sdf
complex_2,n1c(c(c(c2c1ccc(c2)Cl)c1ccccc1)C(=O)O)N1CCCCC1,25,-1.99,0.42404,5.38987,-3.56329,results/complex_2/rank25_confidence-1.99.sdf
complex_2,n1c(c(c(c2c1ccc(c2)Cl)c1ccccc1)C(=O)O)N1CCCCC1,13,-1.77,0.41733,5.40841,-1.15955,results/complex_2/rank13_confidence-1.77.sdf
complex_2,n1c(c(c(c2c1ccc(c2)Cl)c1ccccc1)C(=O)O)N1CCCCC1,3,-1.37,0.41661,5.09644,16.99898,results/complex_2/rank3_confidence-1.37.sdf
complex_2,n1c(c(c(c2c1ccc(c2)Cl)c1ccccc1)C(=O)O)N1CCCCC1,23,-1.88,0.41545,5.15703,-2.41306,results/complex_2/rank23_confidence-1.88.sdf
complex_2,n1c(c(c(c2c1ccc(c2)Cl)c1ccccc1)C(=O)O)N1CCCCC1,3,-0.15,0.4057,5.29622,8.32009,results/complex_2/rank3_confidence-0.15.sdf
complex_2,n1c(c(c(c2c1ccc(c2)Cl)c1ccccc1)C(=O)O)N1CCCCC1,9,-0.87,0.40514,5.26468,-3.5966,results/complex_2/rank9_confidence-0.87.sdf
complex_2,n1c(c(c(c2c1ccc(c2)Cl)c1ccccc1)C(=O)O)N1CCCCC1,12,-1.65,0.39841,5.12901,-3.18891,results/complex_2/rank12_confidence-1.65.sdf
complex_2,n1c(c(c(c2c1ccc(c2)Cl)c1ccccc1)C(=O)O)N1CCCCC1,24,-1.93,0.39719,5.26764,7.24856,results/complex_2/rank24_confidence-1.93.sdf
complex_2,n1c(c(c(c2c1ccc(c2)Cl)c1ccccc1)C(=O)O)N1CCCCC1,2,-0.08,0.39573,5.15877,-2.97433,results/complex_2/rank2_confidence-0.08.sdf
complex_2,n1c(c(c(c2c1ccc(c2)Cl)c1ccccc1)C(=O)O)N1CCCCC1,17,-1.51,0.39297,5.34033,-3.76106,results/complex_2/rank17_confidence-1.51.sdf
complex_2,n1c(c(c(c2c1ccc(c2)Cl)c1ccccc1)C(=O)O)N1CCCCC1,16,-1.82,0.38202,4.71277,5.71304,results/complex_2/rank16_confidence-1.82.sdf
complex_2,n1c(c(c(c2c1ccc(c2)Cl)c1ccccc1)C(=O)O)N1CCCCC1,18,-1.73,0.37137,5.10701,0.38506,results/complex_2/rank18_confidence-1.73.sdf
complex_2,n1c(c(c(c2c1ccc(c2)Cl)c1ccccc1)C(=O)O)N1CCCCC1,16,-1.48,0.3602,4.87421,6.42344,results/complex_2/rank16_confidence-1.48.sdf
complex_2,n1c(c(c(c2c1ccc(c2)Cl)c1ccccc1)C(=O)O)N1CCCCC1,5,-0.56,0.34275,5.27715,-5.75179,results/complex_2/rank5_confidence-0.56.sdf
complex_2,n1c(c(c(c2c1ccc(c2)Cl)c1ccccc1)C(=O)O)N1CCCCC1,15,-1.79,0.34121,5.03554,3.43691,results/complex_2/rank15_confidence-1.79.sdf
complex_2,n1c(c(c(c2c1ccc(c2)Cl)c1ccccc1)C(=O)O)N1CCCCC1,4,-0.47,0.31826,5.04714,-1.77967,results/complex_2/rank4_confidence-0.47.sdf
complex_0,CN1C=C2C=C(C(=CC2=N1)Cl)NC3=NC(=O)N(C(=O)N3CC4=CC(=C(C=C4F)F)F)CC5=NN(C=N5)C,1,-0.26,0.58581,7.06298,-7.00287,results/complex_0/rank1_confidence-0.26.sdf
complex_0,CN1C=C2C=C(C(=CC2=N1)Cl)NC3=NC(=O)N(C(=O)N3CC4=CC(=C(C=C4F)F)F)CC5=NN(C=N5)C,9,-1.25,0.55734,6.69149,9.85306,results/complex_0/rank9_confidence-1.25.sdf
complex_0,CN1C=C2C=C(C(=CC2=N1)Cl)NC3=NC(=O)N(C(=O)N3CC4=CC(=C(C=C4F)F)F)CC5=NN(C=N5)C,3,-0.54,0.5497,6.80693,2.47468,results/complex_0/rank3_confidence-0.54.sdf
complex_0,CN1C=C2C=C(C(=CC2=N1)Cl)NC3=NC(=O)N(C(=O)N3CC4=CC(=C(C=C4F)F)F)CC5=NN(C=N5)C,10,-1.29,0.54677,6.8091,15.80099,results/complex_0/rank10_confidence-1.29.sdf
complex_0,CN1C=C2C=C(C(=CC2=N1)Cl)NC3=NC(=O)N(C(=O)N3CC4=CC(=C(C=C4F)F)F)CC5=NN(C=N5)C,8,-0.94,0.54504,6.88027,-0.84823,results/complex_0/rank8_confidence-0.94.sdf
complex_0,CN1C=C2C=C(C(=CC2=N1)Cl)NC3=NC(=O)N(C(=O)N3CC4=CC(=C(C=C4F)F)F)CC5=NN(C=N5)C,6,-0.67,0.54466,6.85133,-0.47284,results/complex_0/rank6_confidence-0.67.sdf
complex_0,CN1C=C2C=C(C(=CC2=N1)Cl)NC3=NC(=O)N(C(=O)N3CC4=CC(=C(C=C4F)F)F)CC5=NN(C=N5)C,11,-1.4,0.53591,6.78769,13.31971,results/complex_0/rank11_confidence-1.40.sdf
complex_0,CN1C=C2C=C(C(=CC2=N1)Cl)NC3=NC(=O)N(C(=O)N3CC4=CC(=C(C=C4F)F)F)CC5=NN(C=N5)C,4,-0.72,0.53397,6.98296,4.77922,results/complex_0/rank4_confidence-0.72.sdf
complex_0,CN1C=C2C=C(C(=CC2=N1)Cl)NC3=NC(=O)N(C(=O)N3CC4=CC(=C(C=C4F)F)F)CC5=NN(C=N5)C,13,-1.66,0.53349,6.62388,22.80073,results/complex_0/rank13_confidence-1.66.sdf
complex_0,CN1C=C2C=C(C(=CC2=N1)Cl)NC3=NC(=O)N(C(=O)N3CC4=CC(=C(C=C4F)F)F)CC5=NN(C=N5)C,1,-0.07,0.52499,7.01372,-6.77595,results/complex_0/rank1_confidence-0.07.sdf
complex_0,CN1C=C2C=C(C(=CC2=N1)Cl)NC3=NC(=O)N(C(=O)N3CC4=CC(=C(C=C4F)F)F)CC5=NN(C=N5)C,1,-0.76,0.51276,7.02838,1.1634,results/complex_0/rank1_confidence-0.76.sdf
complex_0,CN1C=C2C=C(C(=CC2=N1)Cl)NC3=NC(=O)N(C(=O)N3CC4=CC(=C(C=C4F)F)F)CC5=NN(C=N5)C,2,-0.42,0.49561,6.76211,-4.68975,results/complex_0/rank2_confidence-0.42.sdf
complex_0,CN1C=C2C=C(C(=CC2=N1)Cl)NC3=NC(=O)N(C(=O)N3CC4=CC(=C(C=C4F)F)F)CC5=NN(C=N5)C,3,-0.44,0.47729,6.76693,-5.62703,results/complex_0/rank3_confidence-0.44.sdf
complex_0,CN1C=C2C=C(C(=CC2=N1)Cl)NC3=NC(=O)N(C(=O)N3CC4=CC(=C(C=C4F)F)F)CC5=NN(C=N5)C,8,-1.21,0.47455,6.68472,-1.16643,results/complex_0/rank8_confidence-1.21.sdf
complex_0,CN1C=C2C=C(C(=CC2=N1)Cl)NC3=NC(=O)N(C(=O)N3CC4=CC(=C(C=C4F)F)F)CC5=NN(C=N5)C,12,-1.45,0.47429,6.6703,9.63334,results/complex_0/rank12_confidence-1.45.sdf
complex_0,CN1C=C2C=C(C(=CC2=N1)Cl)NC3=NC(=O)N(C(=O)N3CC4=CC(=C(C=C4F)F)F)CC5=NN(C=N5)C,7,-0.75,0.46501,6.68409,-3.47517,results/complex_0/rank7_confidence-0.75.sdf
complex_0,CN1C=C2C=C(C(=CC2=N1)Cl)NC3=NC(=O)N(C(=O)N3CC4=CC(=C(C=C4F)F)F)CC5=NN(C=N5)C,15,-1.64,0.46125,6.63835,7.27439,results/complex_0/rank15_confidence-1.64.sdf
complex_0,CN1C=C2C=C(C(=CC2=N1)Cl)NC3=NC(=O)N(C(=O)N3CC4=CC(=C(C=C4F)F)F)CC5=NN(C=N5)C,9,-1.05,0.44648,6.85133,1.35805,results/complex_0/rank9_confidence-1.05.sdf
complex_0,CN1C=C2C=C(C(=CC2=N1)Cl)NC3=NC(=O)N(C(=O)N3CC4=CC(=C(C=C4F)F)F)CC5=NN(C=N5)C,6,-1.08,0.44419,6.53233,0.49879,results/complex_0/rank6_confidence-1.08.sdf
complex_0,CN1C=C2C=C(C(=CC2=N1)Cl)NC3=NC(=O)N(C(=O)N3CC4=CC(=C(C=C4F)F)F)CC5=NN(C=N5)C,1,-0.23,0.44187,6.73963,-3.62677,results/complex_0/rank1_confidence-0.23.sdf
complex_0,CN1C=C2C=C(C(=CC2=N1)Cl)NC3=NC(=O)N(C(=O)N3CC4=CC(=C(C=C4F)F)F)CC5=NN(C=N5)C,11,-1.34,0.4398,6.70125,7.98069,results/complex_0/rank11_confidence-1.34.sdf
complex_0,CN1C=C2C=C(C(=CC2=N1)Cl)NC3=NC(=O)N(C(=O)N3CC4=CC(=C(C=C4F)F)F)CC5=NN(C=N5)C,4,-0.58,0.43872,6.50587,9.07832,results/complex_0/rank4_confidence-0.58.sdf
complex_0,CN1C=C2C=C(C(=CC2=N1)Cl)NC3=NC(=O)N(C(=O)N3CC4=CC(=C(C=C4F)F)F)CC5=NN(C=N5)C,3,-0.48,0.43285,6.73042,5.15645,results/complex_0/rank3_confidence-0.48.sdf
complex_0,CN1C=C2C=C(C(=CC2=N1)Cl)NC3=NC(=O)N(C(=O)N3CC4=CC(=C(C=C4F)F)F)CC5=NN(C=N5)C,4,-0.53,0.43075,6.65273,5.82792,results/complex_0/rank4_confidence-0.53.sdf
complex_0,CN1C=C2C=C(C(=CC2=N1)Cl)NC3=NC(=O)N(C(=O)N3CC4=CC(=C(C=C4F)F)F)CC5=NN(C=N5)C,18,-1.7,0.42878,6.50959,19.48548,results/complex_0/rank18_confidence-1.70.sdf
complex_0,CN1C=C2C=C(C(=CC2=N1)Cl)NC3=NC(=O)N(C(=O)N3CC4=CC(=C(C=C4F)F)F)CC5=NN(C=N5)C,5,-0.88,0.4194,6.67874,1.89516,results/complex_0/rank5_confidence-0.88.sdf
complex_0,CN1C=C2C=C(C(=CC2=N1)Cl)NC3=NC(=O)N(C(=O)N3CC4=CC(=C(C=C4F)F)F)CC5=NN(C=N5)C,15,-1.6,0.41803,6.57265,8.81371,results/complex_0/rank15_confidence-1.60.sdf
complex_0,CN1C=C2C=C(C(=CC2=N1)Cl)NC3=NC(=O)N(C(=O)N3CC4=CC(=C(C=C4F)F)F)CC5=NN(C=N5)C,14,-1.8,0.4137,6.52283,9.80894,results/complex_0/rank14_confidence-1.80.sdf
complex_0,CN1C=C2C=C(C(=CC2=N1)Cl)NC3=NC(=O)N(C(=O)N3CC4=CC(=C(C=C4F)F)F)CC5=NN(C=N5)C,14,-1.57,0.41242,6.51965,4.55844,results/complex_0/rank14_confidence-1.57.sdf
complex_0,CN1C=C2C=C(C(=CC2=N1)Cl)NC3=NC(=O)N(C(=O)N3CC4=CC(=C(C=C4F)F)F)CC5=NN(C=N5)C,20,-1.78,0.40814,6.57197,8.17734,results/complex_0/rank20_confidence-1.78.sdf
complex_0,CN1C=C2C=C(C(=CC2=N1)Cl)NC3=NC(=O)N(C(=O)N3CC4=CC(=C(C=C4F)F)F)CC5=NN(C=N5)C,19,-1.73,0.40329,6.51488,16.28157,results/complex_0/rank19_confidence-1.73.sdf
complex_0,CN1C=C2C=C(C(=CC2=N1)Cl)NC3=NC(=O)N(C(=O)N3CC4=CC(=C(C=C4F)F)F)CC5=NN(C=N5)C,12,-1.54,0.40096,6.6097,6.65298,results/complex_0/rank12_confidence-1.54.sdf
complex_0,CN1C=C2C=C(C(=CC2=N1)Cl)NC3=NC(=O)N(C(=O)N3CC4=CC(=C(C=C4F)F)F)CC5=NN(C=N5)C,17,-1.64,0.40003,6.4662,17.33925,results/complex_0/rank17_confidence-1.64.sdf
complex_0,CN1C=C2C=C(C(=CC2=N1)Cl)NC3=NC(=O)N(C(=O)N3CC4=CC(=C(C=C4F)F)F)CC5=NN(C=N5)C,17,-1.97,0.39823,6.82561,7.36696,results/complex_0/rank17_confidence-1.97.sdf
complex_0,CN1C=C2C=C(C(=CC2=N1)Cl)NC3=NC(=O)N(C(=O)N3CC4=CC(=C(C=C4F)F)F)CC5=NN(C=N5)C,15,-1.9,0.3953,6.84825,5.13909,results/complex_0/rank15_confidence-1.90.sdf
complex_0,CN1C=C2C=C(C(=CC2=N1)Cl)NC3=NC(=O)N(C(=O)N3CC4=CC(=C(C=C4F)F)F)CC5=NN(C=N5)C,5,-0.76,0.39511,6.74626,0.07303,results/complex_0/rank5_confidence-0.76.sdf
complex_0,CN1C=C2C=C(C(=CC2=N1)Cl)NC3=NC(=O)N(C(=O)N3CC4=CC(=C(C=C4F)F)F)CC5=NN(C=N5)C,7,-1.08,0.39496,6.48218,7.83925,results/complex_0/rank7_confidence-1.08.sdf
complex_0,CN1C=C2C=C(C(=CC2=N1)Cl)NC3=NC(=O)N(C(=O)N3CC4=CC(=C(C=C4F)F)F)CC5=NN(C=N5)C,8,-1.17,0.39192,6.47481,6.04167,results/complex_0/rank8_confidence-1.17.sdf
complex_0,CN1C=C2C=C(C(=CC2=N1)Cl)NC3=NC(=O)N(C(=O)N3CC4=CC(=C(C=C4F)F)F)CC5=NN(C=N5)C,11,-1.45,0.3917,6.50194,3.27827,results/complex_0/rank11_confidence-1.45.sdf
complex_0,CN1C=C2C=C(C(=CC2=N1)Cl)NC3=NC(=O)N(C(=O)N3CC4=CC(=C(C=C4F)F)F)CC5=NN(C=N5)C,21,-1.81,0.38996,6.63673,4.94688,results/complex_0/rank21_confidence-1.81.sdf
complex_0,CN1C=C2C=C(C(=CC2=N1)Cl)NC3=NC(=O)N(C(=O)N3CC4=CC(=C(C=C4F)F)F)CC5=NN(C=N5)C,6,-1.05,0.3842,6.78369,-0.98292,results/complex_0/rank6_confidence-1.05.sdf
complex_0,CN1C=C2C=C(C(=CC2=N1)Cl)NC3=NC(=O)N(C(=O)N3CC4=CC(=C(C=C4F)F)F)CC5=NN(C=N5)C,3,-1.43,0.38411,6.48817,5.76499,results/complex_0/rank3_confidence-1.43.sdf
complex_0,CN1C=C2C=C(C(=CC2=N1)Cl)NC3=NC(=O)N(C(=O)N3CC4=CC(=C(C=C4F)F)F)CC5=NN(C=N5)C,16,-1.61,0.36196,6.22506,30.24148,results/complex_0/rank16_confidence-1.61.sdf
complex_0,CN1C=C2C=C(C(=CC2=N1)Cl)NC3=NC(=O)N(C(=O)N3CC4=CC(=C(C=C4F)F)F)CC5=NN(C=N5)C,10,-1.17,0.35872,6.25239,13.34668,results/complex_0/rank10_confidence-1.17.sdf
complex_0,CN1C=C2C=C(C(=CC2=N1)Cl)NC3=NC(=O)N(C(=O)N3CC4=CC(=C(C=C4F)F)F)CC5=NN(C=N5)C,9,-1.29,0.35088,6.27338,13.88573,results/complex_0/rank9_confidence-1.29.sdf
complex_0,CN1C=C2C=C(C(=CC2=N1)Cl)NC3=NC(=O)N(C(=O)N3CC4=CC(=C(C=C4F)F)F)CC5=NN(C=N5)C,13,-1.52,0.35061,6.57581,-1.61005,results/complex_0/rank13_confidence-1.52.sdf
complex_0,CN1C=C2C=C(C(=CC2=N1)Cl)NC3=NC(=O)N(C(=O)N3CC4=CC(=C(C=C4F)F)F)CC5=NN(C=N5)C,10,-1.4,0.34939,6.53705,20.27654,results/complex_0/rank10_confidence-1.40.sdf
complex_0,CN1C=C2C=C(C(=CC2=N1)Cl)NC3=NC(=O)N(C(=O)N3CC4=CC(=C(C=C4F)F)F)CC5=NN(C=N5)C,16,-1.89,0.34754,6.35286,27.95652,results/complex_0/rank16_confidence-1.89.sdf
complex_0,CN1C=C2C=C(C(=CC2=N1)Cl)NC3=NC(=O)N(C(=O)N3CC4=CC(=C(C=C4F)F)F)CC5=NN(C=N5)C,2,-1.26,0.34432,6.25957,12.66414,results/complex_0/rank2_confidence-1.26.sdf
complex_0,CN1C=C2C=C(C(=CC2=N1)Cl)NC3=NC(=O)N(C(=O)N3CC4=CC(=C(C=C4F)F)F)CC5=NN(C=N5)C,2,-0.29,0.33748,6.70753,-5.77514,results/complex_0/rank2_confidence-0.29.sdf
complex_0,CN1C=C2C=C(C(=CC2=N1)Cl)NC3=NC(=O)N(C(=O)N3CC4=CC(=C(C=C4F)F)F)CC5=NN(C=N5)C,7,-1.17,0.33198,6.46838,-4.13411,results/complex_0/rank7_confidence-1.17.sdf
complex_0,CN1C=C2C=C(C(=CC2=N1)Cl)NC3=NC(=O)N(C(=O)N3CC4=CC(=C(C=C4F)F)F)CC5=NN(C=N5)C,13,-1.48,0.30761,6.18795,7.15113,results/complex_0/rank13_confidence-1.48.sdf
complex_1,O=C1NC(=O)C(F)=CN1,2,0.26,0.77079,3.73092,-3.74256,results/complex_1/rank2_confidence0.26.sdf
complex_1,O=C1NC(=O)C(F)=CN1,19,0.16,0.74436,3.71313,-2.18187,results/complex_1/rank19_confidence0.16.sdf
complex_1,O=C1NC(=O)C(F)=CN1,25,0.01,0.73502,3.72194,-0.91036,results/complex_1/rank25_confidence0.01.sdf
complex_1,O=C1NC(=O)C(F)=CN1,15,-0.28,0.71378,3.783,2.92269,results/complex_1/rank15_confidence-0.28.sdf
complex_1,O=C1NC(=O)C(F)=CN1,28,-0.66,0.68234,3.8808,12.08391,results/complex_1/rank28_confidence-0.66.sdf
complex_1,O=C1NC(=O)C(F)=CN1,16,-0.57,0.68001,3.80471,7.7736,results/complex_1/rank16_confidence-0.57.sdf
complex_1,O=C1NC(=O)C(F)=CN1,2,0.3,0.66594,3.62016,-3.48744,results/complex_1/rank2_confidence0.30.sdf
complex_1,O=C1NC(=O)C(F)=CN1,28,-0.87,0.62687,3.71543,13.1068,results/complex_1/rank28_confidence-0.87.sdf
complex_1,O=C1NC(=O)C(F)=CN1,20,-0.79,0.62269,3.80152,12.39467,results/complex_1/rank20_confidence-0.79.sdf
complex_1,O=C1NC(=O)C(F)=CN1,29,-0.73,0.62201,3.69069,9.85341,results/complex_1/rank29_confidence-0.73.sdf
complex_1,O=C1NC(=O)C(F)=CN1,19,-0.76,0.61422,3.72383,11.26311,results/complex_1/rank19_confidence-0.76.sdf
complex_1,O=C1NC(=O)C(F)=CN1,25,0.07,0.58173,3.49135,-3.20561,results/complex_1/rank25_confidence0.07.sdf
complex_1,O=C1NC(=O)C(F)=CN1,1,0.31,0.55947,3.49322,-3.32793,results/complex_1/rank1_confidence0.31.sdf
complex_1,O=C1NC(=O)C(F)=CN1,26,-0.02,0.55938,3.63041,2.47227,results/complex_1/rank26_confidence-0.02.sdf
complex_1,O=C1NC(=O)C(F)=CN1,1,0.26,0.50941,3.47481,-3.18653,results/complex_1/rank1_confidence0.26.sdf
complex_1,O=C1NC(=O)C(F)=CN1,7,0.27,0.50905,3.49913,-3.14493,results/complex_1/rank7_confidence0.27.sdf
complex_1,O=C1NC(=O)C(F)=CN1,5,0.21,0.50163,3.47078,-3.24692,results/complex_1/rank5_confidence0.21.sdf
complex_1,O=C1NC(=O)C(F)=CN1,5,0.26,0.48898,3.42542,-2.77941,results/complex_1/rank5_confidence0.26.sdf
complex_1,O=C1NC(=O)C(F)=CN1,18,-0.74,0.48144,3.44942,-1.7292,results/complex_1/rank18_confidence-0.74.sdf
complex_1,O=C1NC(=O)C(F)=CN1,21,0.15,0.4768,3.51351,0.40372,results/complex_1/rank21_confidence0.15.sdf
complex_1,O=C1NC(=O)C(F)=CN1,12,0.13,0.4742,3.51374,0.4657,results/complex_1/rank12_confidence0.13.sdf
complex_1,O=C1NC(=O)C(F)=CN1,11,0.15,0.47322,3.50967,0.42247,results/complex_1/rank11_confidence0.15.sdf
complex_1,O=C1NC(=O)C(F)=CN1,5,0.28,0.46251,3.38279,-2.08024,results/complex_1/rank5_confidence0.28.sdf
complex_1,O=C1NC(=O)C(F)=CN1,4,0.27,0.46182,3.37531,-2.06665,results/complex_1/rank4_confidence0.27.sdf
complex_1,O=C1NC(=O)C(F)=CN1,13,0.12,0.46127,3.49971,0.52816,results/complex_1/rank13_confidence0.12.sdf
complex_1,O=C1NC(=O)C(F)=CN1,10,0.15,0.45906,3.49517,0.27781,results/complex_1/rank10_confidence0.15.sdf
complex_1,O=C1NC(=O)C(F)=CN1,11,0.23,0.45854,3.36325,-2.32967,results/complex_1/rank11_confidence0.23.sdf
complex_1,O=C1NC(=O)C(F)=CN1,14,0.07,0.45192,3.38141,-0.43362,results/complex_1/rank14_confidence0.07.sdf
complex_1,O=C1NC(=O)C(F)=CN1,13,0.2,0.45025,3.38054,-2.79871,results/complex_1/rank13_confidence0.20.sdf
complex_1,O=C1NC(=O)C(F)=CN1,27,-0.62,0.44456,3.50943,-1.17513,results/complex_1/rank27_confidence-0.62.sdf
complex_1,O=C1NC(=O)C(F)=CN1,12,0.21,0.43647,3.42544,-2.93582,results/complex_1/rank12_confidence0.21.sdf
complex_1,O=C1NC(=O)C(F)=CN1,17,-0.64,0.43646,3.52334,-1.77379,results/complex_1/rank17_confidence-0.64.sdf
complex_1,O=C1NC(=O)C(F)=CN1,8,0.16,0.43531,3.47357,-0.01393,results/complex_1/rank8_confidence0.16.sdf
complex_1,O=C1NC(=O)C(F)=CN1,27,-0.64,0.43462,3.51833,-1.40553,results/complex_1/rank27_confidence-0.64.sdf
complex_1,O=C1NC(=O)C(F)=CN1,15,0.2,0.43195,3.3555,-2.72445,results/complex_1/rank15_confidence0.20.sdf
complex_1,O=C1NC(=O)C(F)=CN1,13,0.21,0.43165,3.35112,-2.56394,results/complex_1/rank13_confidence0.21.sdf
complex_1,O=C1NC(=O)C(F)=CN1,4,0.22,0.42909,3.35617,-2.37034,results/complex_1/rank4_confidence0.22.sdf
complex_1,O=C1NC(=O)C(F)=CN1,3,0.23,0.42641,3.35001,-2.14507,results/complex_1/rank3_confidence0.23.sdf
complex_1,O=C1NC(=O)C(F)=CN1,14,0.2,0.42334,3.34556,-2.56864,results/complex_1/rank14_confidence0.20.sdf
complex_1,O=C1NC(=O)C(F)=CN1,7,0.24,0.41651,3.34654,-1.91611,results/complex_1/rank7_confidence0.24.sdf
complex_1,O=C1NC(=O)C(F)=CN1,18,0.2,0.41038,3.33626,-2.1518,results/complex_1/rank18_confidence0.20.sdf
complex_1,O=C1NC(=O)C(F)=CN1,9,0.24,0.40927,3.33757,-1.85637,results/complex_1/rank9_confidence0.24.sdf
complex_1,O=C1NC(=O)C(F)=CN1,17,0.2,0.40705,3.33169,-2.0126,results/complex_1/rank17_confidence0.20.sdf
complex_1,O=C1NC(=O)C(F)=CN1,8,0.23,0.40491,3.32257,-1.92964,results/complex_1/rank8_confidence0.23.sdf
complex_1,O=C1NC(=O)C(F)=CN1,9,0.22,0.40427,3.32326,-1.85066,results/complex_1/rank9_confidence0.22.sdf
complex_1,O=C1NC(=O)C(F)=CN1,16,0.2,0.40427,3.32845,-2.21173,results/complex_1/rank16_confidence0.20.sdf
complex_1,O=C1NC(=O)C(F)=CN1,15,0.21,0.40391,3.39131,-0.62995,results/complex_1/rank15_confidence0.21.sdf
complex_1,O=C1NC(=O)C(F)=CN1,10,0.23,0.40374,3.32638,-1.88828,results/complex_1/rank10_confidence0.23.sdf
complex_1,O=C1NC(=O)C(F)=CN1,11,0.21,0.40349,3.3177,-1.9569,results/complex_1/rank11_confidence0.21.sdf
complex_1,O=C1NC(=O)C(F)=CN1,4,0.2,0.40237,3.31787,-1.87118,results/complex_1/rank4_confidence0.20.sdf
complex_1,O=C1NC(=O)C(F)=CN1,6,0.2,0.40205,3.34016,-2.31187,results/complex_1/rank6_confidence0.20.sdf
complex_1,O=C1NC(=O)C(F)=CN1,10,0.22,0.40079,3.36362,-1.75324,results/complex_1/rank10_confidence0.22.sdf
complex_1,O=C1NC(=O)C(F)=CN1,23,0.13,0.39984,3.4292,-0.03839,results/complex_1/rank23_confidence0.13.sdf
complex_1,O=C1NC(=O)C(F)=CN1,3,0.22,0.39684,3.34621,-1.44773,results/complex_1/rank3_confidence0.22.sdf
complex_1,O=C1NC(=O)C(F)=CN1,14,0.21,0.39664,3.31909,-1.53395,results/complex_1/rank14_confidence0.21.sdf
complex_1,O=C1NC(=O)C(F)=CN1,22,0.13,0.39411,3.41513,0.05084,results/complex_1/rank22_confidence0.13.sdf
complex_1,O=C1NC(=O)C(F)=CN1,18,0.19,0.39273,3.39202,-0.58195,results/complex_1/rank18_confidence0.19.sdf
complex_1,O=C1NC(=O)C(F)=CN1,7,0.19,0.39209,3.29381,-1.70665,results/complex_1/rank7_confidence0.19.sdf
complex_1,O=C1NC(=O)C(F)=CN1,19,0.18,0.38021,3.30966,-1.22941,results/complex_1/rank19_confidence0.18.sdf
complex_1,O=C1NC(=O)C(F)=CN1,9,0.15,0.37956,3.28341,-1.7999,results/complex_1/rank9_confidence0.15.sdf
complex_1,O=C1NC(=O)C(F)=CN1,20,0.17,0.37644,3.34022,-1.58217,results/complex_1/rank20_confidence0.17.sdf
complex_1,O=C1NC(=O)C(F)=CN1,30,-1.58,0.37425,3.58518,-2.28512,results/complex_1/rank30_confidence-1.58.sdf
complex_1,O=C1NC(=O)C(F)=CN1,24,0.08,0.37262,3.4335,-1.83316,results/complex_1/rank24_confidence0.08.sdf
complex_1,O=C1NC(=O)C(F)=CN1,23,0.1,0.37222,3.34246,-1.89411,results/complex_1/rank23_confidence0.10.sdf
complex_1,O=C1NC(=O)C(F)=CN1,5,0.13,0.37022,3.36719,-0.6148,results/complex_1/rank5_confidence0.13.sdf
complex_1,O=C1NC(=O)C(F)=CN1,20,0.16,0.36958,3.31259,-0.65898,results/complex_1/rank20_confidence0.16.sdf
complex_1,O=C1NC(=O)C(F)=CN1,29,-1.41,0.36266,3.37946,-1.54371,results/complex_1/rank29_confidence-1.41.sdf
complex_1,O=C1NC(=O)C(F)=CN1,22,0.14,0.36015,3.31411,-0.70291,results/complex_1/rank22_confidence0.14.sdf
complex_1,O=C1NC(=O)C(F)=CN1,30,-1.32,0.34968,3.49659,-2.45235,results/complex_1/rank30_confidence-1.32.sdf
complex_1,O=C1NC(=O)C(F)=CN1,24,0.04,0.3299,3.33032,-0.57599,results/complex_1/rank24_confidence0.04.sdf
complex_1,O=C1NC(=O)C(F)=CN1,26,-0.44,0.31752,3.36195,-2.51647,results/complex_1/rank26_confidence-0.44.sdf
complex_2,n1c(c(c(c2c1ccc(c2)Cl)c1ccccc1)C(=O)O)N1CCCCC1,5,-0.39,0.55567,5.32182,15.41807,results/complex_2/rank5_confidence-0.39.sdf
complex_2,n1c(c(c(c2c1ccc(c2)Cl)c1ccccc1)C(=O)O)N1CCCCC1,2,-0.14,0.55143,5.39166,11.17307,results/complex_2/rank2_confidence-0.14.sdf
complex_2,n1c(c(c(c2c1ccc(c2)Cl)c1ccccc1)C(=O)O)N1CCCCC1,4,-0.48,0.53115,5.44692,6.6939,results/complex_2/rank4_confidence-0.48.sdf
complex_2,n1c(c(c(c2c1ccc(c2)Cl)c1ccccc1)C(=O)O)N1CCCCC1,3,-0.19,0.52307,5.27979,12.51381,results/complex_2/rank3_confidence-0.19.sdf
complex_2,n1c(c(c(c2c1ccc(c2)Cl)c1ccccc1)C(=O)O)N1CCCCC1,5,-0.52,0.5149,5.21941,19.80583,results/complex_2/rank5_confidence-0.52.sdf
complex_2,n1c(c(c(c2c1ccc(c2)Cl)c1ccccc1)C(=O)O)N1CCCCC1,1,-0.14,0.50991,5.36081,6.40143,results/complex_2/rank1_confidence-0.14.sdf
complex_2,n1c(c(c(c2c1ccc(c2)Cl)c1ccccc1)C(=O)O)N1CCCCC1,1,-0.01,0.50249,5.53918,2.60943,results/complex_2/rank1_confidence-0.01.sdf
complex_2,n1c(c(c(c2c1ccc(c2)Cl)c1ccccc1)C(=O)O)N1CCCCC1,4,-0.35,0.49019,5.26649,7.00504,results/complex_2/rank4_confidence-0.35.sdf
complex_2,n1c(c(c(c2c1ccc(c2)Cl)c1ccccc1)C(=O)O)N1CCCCC1,6,-0.67,0.48414,5.14424,-0.51051,results/complex_2/rank6_confidence-0.67.sdf
complex_2,n1c(c(c(c2c1ccc(c2)Cl)c1ccccc1)C(=O)O)N1CCCCC1,1,0.1,0.44724,5.30506,0.67328,results/complex_2/rank1_confidence0.10.sdf
complex_2,n1c(c(c(c2c1ccc(c2)Cl)c1ccccc1)C(=O)O)N1CCCCC1,14,-1.79,0.44577,4.69735,8.58583,results/complex_2/rank14_confidence-1.79.sdf
complex_2,n1c(c(c(c2c1ccc(c2)Cl)c1ccccc1)C(=O)O)N1CCCCC1,6,-1.17,0.44484,5.12958,24.57012,results/complex_2/rank6_confidence-1.17.sdf
complex_2,n1c(c(c(c2c1ccc(c2)Cl)c1ccccc1)C(=O)O)N1CCCCC1,2,-0.25,0.42973,5.33366,-3.32188,results/complex_2/rank2_confidence-0.25.sdf
complex_2,n1c(c(c(c2c1ccc(c2)Cl)c1ccccc1)C(=O)O)N1CCCCC1,11,-1.22,0.4275,5.29481,-1.32895,results/complex_2/rank11_confidence-1.22.sdf
complex_2,n1c(c(c(c2c1ccc(c2)Cl)c1ccccc1)C(=O)O)N1CCCCC1,19,-1.79,0.42546,5.27377,8.47895,results/complex_2/rank19_confidence-1.79.sdf
complex_2,n1c(c(c(c2c1ccc(c2)Cl)c1ccccc1)C(=O)O)N1CCCCC1,25,-1.99,0.42451,5.38583,-3.56329,results/complex_2/rank25_confidence-1.99.sdf
complex_2,n1c(c(c(c2c1ccc(c2)Cl)c1ccccc1)C(=O)O)N1CCCCC1,9,-1.19,0.42429,5.21187,-2.99281,results/complex_2/rank9_confidence-1.19.sdf
complex_2,n1c(c(c(c2c1ccc(c2)Cl)c1ccccc1)C(=O)O)N1CCCCC1,3,-1.37,0.41962,5.08946,16.99898,results/complex_2/rank3_confidence-1.37.sdf
complex_2,n1c(c(c(c2c1ccc(c2)Cl)c1ccccc1)C(=O)O)N1CCCCC1,13,-1.77,0.41744,5.40387,-1.15955,results/complex_2/rank13_confidence-1.77.sdf
complex_2,n1c(c(c(c2c1ccc(c2)Cl)c1ccccc1)C(=O)O)N1CCCCC1,23,-1.88,0.41354,5.17348,-2.41306,results/complex_2/rank23_confidence-1.88.sdf
complex_2,n1c(c(c(c2c1ccc(c2)Cl)c1ccccc1)C(=O)O)N1CCCCC1,9,-0.87,0.40514,5.26468,-3.5966,results/complex_2/rank9_confidence-0.87.sdf
complex_2,n1c(c(c(c2c1ccc(c2)Cl)c1ccccc1)C(=O)O)N1CCCCC1,3,-0.15,0.40458,5.30002,8.32009,results/complex_2/rank3_confidence-0.15.sdf
complex_2,n1c(c(c(c2c1ccc(c2)Cl)c1ccccc1)C(=O)O)N1CCCCC1,12,-1.65,0.39903,5.1277,-3.18891,results/complex_2/rank12_confidence-1.65.sdf
complex_2,n1c(c(c(c2c1ccc(c2)Cl)c1ccccc1)C(=O)O)N1CCCCC1,24,-1.93,0.39719,5.26764,7.24856,results/complex_2/rank24_confidence-1.93.sdf
complex_2,n1c(c(c(c2c1ccc(c2)Cl)c1ccccc1)C(=O)O)N1CCCCC1,2,-0.08,0.39439,5.16476,-2.97433,results/complex_2/rank2_confidence-0.08.sdf
complex_2,n1c(c(c(c2c1ccc(c2)Cl)c1ccccc1)C(=O)O)N1CCCCC1,17,-1.51,0.39289,5.34929,-3.76106,results/complex_2/rank17_confidence-1.51.sdf
complex_2,n1c(c(c(c2c1ccc(c2)Cl)c1ccccc1)C(=O)O)N1CCCCC1,16,-1.82,0.38202,4.71277,5.71304,results/complex_2/rank16_confidence-1.82.sdf
complex_2,n1c(c(c(c2c1ccc(c2)Cl)c1ccccc1)C(=O)O)N1CCCCC1,18,-1.73,0.36915,5.1102,0.38506,results/complex_2/rank18_confidence-1.73.sdf
complex_2,n1c(c(c(c2c1ccc(c2)Cl)c1ccccc1)C(=O)O)N1CCCCC1,16,-1.48,0.36486,4.87267,6.42344,results/complex_2/rank16_confidence-1.48.sdf
complex_2,n1c(c(c(c2c1ccc(c2)Cl)c1ccccc1)C(=O)O)N1CCCCC1,5,-0.56,0.34253,5.28271,-5.75179,results/complex_2/rank5_confidence-0.56.sdf
complex_2,n1c(c(c(c2c1ccc(c2)Cl)c1ccccc1)C(=O)O)N1CCCCC1,15,-1.79,0.33883,5.03757,3.43691,results/complex_2/rank15_confidence-1.79.sdf
complex_2,n1c(c(c(c2c1ccc(c2)Cl)c1ccccc1)C(=O)O)N1CCCCC1,4,-0.47,0.31826,5.04714,-1.77967,results/complex_2/rank4_confidence-0.47.sdf
